contract_address,token_id,name,collection,image_url,metadata_url,opensea_url
,,DOOM Party - Master - Image,DOOM Party,ipfs://QmNdCveDruRqk6MxXxZbadd2owJXjpWUoDJRUGtPvNv43q,ipfs://QmSKyoSSGxWzZiEmBEwQS7g8GKHp4HMz4bvyULd811AydZ,
,,Participant 9 - Alive,DOOM Party,ipfs://QmeZm5KHd2NBGiEXdk4Tp7vMAvbyrA3KTwCty9Zz1ntLyC,ipfs://QmSYRsZGa55khZsp64Ad3m7FVQsL3ZHyVefZEpai6EJg86,
,,Participant 9 - Alternate,DOOM Party,ipfs://QmbabExvcqhxHWdpKvyvaCL4fUSqbbVphafRsagFRZDHw1,ipfs://QmSYRsZGa55khZsp64Ad3m7FVQsL3ZHyVefZEpai6EJg86,
,,Participant 9 - Dreams,DOOM Party,ipfs://QmXi9b2UaSofLMdM9Gk6q5Y6oEXqDTEh8XdxwVoCgKc4oM,ipfs://QmSYRsZGa55khZsp64Ad3m7FVQsL3ZHyVefZEpai6EJg86,
,,Participant 8 - Alive,DOOM Party,ipfs://QmRKNq872Pn6iUkD7sbGkCkiLRrbAQeiWjUEp5eWfrbJow,ipfs://QmP5dGLXoJMs277HHXng37jUdrmjPNJzoyHdUgAN49H6SR,
,,Participant 8 - Alternate,DOOM Party,ipfs://QmPv7VbTm2AjUZQCGq4GNL2X4RBoCfCMoPAZAKtKCLMkTG,ipfs://QmP5dGLXoJMs277HHXng37jUdrmjPNJzoyHdUgAN49H6SR,
,,Participant 8 - Dreams,DOOM Party,ipfs://QmXXxCNdqhZvW3Lj1rKtMczBy81gzk8KcejruupVZmtkmf,ipfs://QmP5dGLXoJMs277HHXng37jUdrmjPNJzoyHdUgAN49H6SR,
,,Participant 7 - Alive,DOOM Party,ipfs://QmUbMpokEYHhXmTMu6CfurxvXUEyqcRLab2AboajeBHHvv,ipfs://QmZ4VCXuf2ubSJ1dkP5n31QYW6xYvmNwkhjTrrYh1urvUn,
,,Participant 7 - Alternate,DOOM Party,ipfs://QmeNxY8aSNKLbKezr2nCU6vHjUddCgo46wqrUMAQFowhLm,ipfs://QmZ4VCXuf2ubSJ1dkP5n31QYW6xYvmNwkhjTrrYh1urvUn,
,,Participant 7 - Dreams,DOOM Party,ipfs://QmQbti7ABXtB2469k2uJfzLQonqkXRYwNy4zUsfH4Fwbdw,ipfs://QmZ4VCXuf2ubSJ1dkP5n31QYW6xYvmNwkhjTrrYh1urvUn,
,,Participant 6 - Alive,DOOM Party,ipfs://QmaDJ7AsQyuMd9aUDoLzUrU24vfpM1FkLvVgdmU4W8vVqC,ipfs://QmUYyqQcEDhPF4a21bSnp794ebQNzKXGCeaEr3oCj7kZSV,
,,Participant 6 - Alternate,DOOM Party,ipfs://QmbJRDcncgZyfQcPvBe7DG4CG6MKjvCjirx27kBcdxQDCC,ipfs://QmUYyqQcEDhPF4a21bSnp794ebQNzKXGCeaEr3oCj7kZSV,
,,Participant 6 - Dreams,DOOM Party,ipfs://QmcRK8hxtfEJeSfBqmDyWiJNQbEC4rpdKs9nF9cJFp8aQV,ipfs://QmUYyqQcEDhPF4a21bSnp794ebQNzKXGCeaEr3oCj7kZSV,
,,Participant 5 - Alive,DOOM Party,ipfs://QmTmPSXYkAFxcUCvjNTwiHuZKjHHjuCiLUaxVJnmVye6NH,ipfs://QmQuTw7Z9RuB5qAFYe15DBH7UWgD6hZSi2thQQuu1Vxw9K,
,,Participant 5 - Alternate,DOOM Party,ipfs://QmQZNQto56dV35i9ujC2C4CjHN2WZJhJqhPpdbhT7hyhpS,ipfs://QmQuTw7Z9RuB5qAFYe15DBH7UWgD6hZSi2thQQuu1Vxw9K,
,,Participant 5 - Dreams,DOOM Party,ipfs://QmRAJa7ZqK6thbXSoNc7fuFwusqrD5nBbYYymCrzcoD657,ipfs://QmQuTw7Z9RuB5qAFYe15DBH7UWgD6hZSi2thQQuu1Vxw9K,
,,Participant 4 - Alive,DOOM Party,ipfs://QmQYc6RVnkHPr3zcvrnyohgUPg45xCA7wRnMFS9tvnfby2,ipfs://QmYq1b3USLZ6Z5eRitVFTaM7n8MHX3i8HSL46hc39utFHC,
,,Participant 4 - Alternate,DOOM Party,ipfs://QmNoBndjAEM3DiwiqrgCChWcBod87WXyfrDW9ovw6iwRMj,ipfs://QmYq1b3USLZ6Z5eRitVFTaM7n8MHX3i8HSL46hc39utFHC,
,,Participant 4 - Dreams,DOOM Party,ipfs://QmdTP6354DEQrCKiVVGpiPEgb2GEof453CSziLec93QJTY,ipfs://QmYq1b3USLZ6Z5eRitVFTaM7n8MHX3i8HSL46hc39utFHC,
,,Participant 3 - Alive,DOOM Party,ipfs://QmZvu8ZLyHJWAtudb3w6wtYncoEwZmw3Ji2rXTeD4Bv29Y,ipfs://QmcpZT9ZAYnz6qf6EYV4ks25qenJVrNEVagwS65FuuN3HA,
,,Participant 3 - Alternate,DOOM Party,ipfs://QmWzRkryx2rdcAoNCm2EPBXf6RmcH2UhBkTcHRjYtRXshH,ipfs://QmcpZT9ZAYnz6qf6EYV4ks25qenJVrNEVagwS65FuuN3HA,
,,Participant 3 - Dreams,DOOM Party,ipfs://QmeP7diupgZfBSETnNhYmWyyRM4efJyQ1iM4i7A53nmPTC,ipfs://QmcpZT9ZAYnz6qf6EYV4ks25qenJVrNEVagwS65FuuN3HA,
,,Participant 2 - Alive,DOOM Party,ipfs://QmTQhE46rbXq6xWk8YbmbBBUS9Rr2s1thffxAxe5NyiHBY,ipfs://QmShiG41nFkABd58NLs85NdYfNCvcLCsgiTRWhH24BEYDp,
,,Participant 2 - Alternate,DOOM Party,ipfs://QmVHyg8qznx91ar9vZgZQqTwyJbVfGdUY3yTppzcvh2kC6,ipfs://QmShiG41nFkABd58NLs85NdYfNCvcLCsgiTRWhH24BEYDp,
,,Participant 2 - Dreams,DOOM Party,ipfs://QmbaBH5fqpkGkkkHunUBP2tpywKWtcN5f9BiYxKFHffcD9,ipfs://QmShiG41nFkABd58NLs85NdYfNCvcLCsgiTRWhH24BEYDp,
,,Participant 1 - Alive,DOOM Party,ipfs://QmYrALftp8DMpoQ3d55KniKcPFhc9rWAbeyUANUM9Lmytp,ipfs://Qmct8VQEK589DfSzGq9JbfVZRw4LVpKgQgBj4DJDeULMtf,
,,Participant 1 - Alternate,DOOM Party,ipfs://QmNhMHpKA2VUe7dZh274vkw2dJJKDcQV3XswZMnJNkW4Vo,ipfs://Qmct8VQEK589DfSzGq9JbfVZRw4LVpKgQgBj4DJDeULMtf,
,,Participant 1 - Dreams,DOOM Party,ipfs://QmZBTsKAFY4H8wFJtbUB2VxmPUb7BzmTfNXvZeiDPon6ko,ipfs://Qmct8VQEK589DfSzGq9JbfVZRw4LVpKgQgBj4DJDeULMtf,
,,Death's Hand - Squares Participant 1,DOOM Party,ipfs://QmdmkUMLLS5drQuwrGZiwTY2ehXNRVAnX9XZsapewasihc,ipfs://QmXwZWGAcoBJPu69fqpc4csnsiE244qA1Po8VdukVkgA2s,
,,Death's Hand - Squares Participant 2,DOOM Party,ipfs://QmcU8Ctr4M5EXeCy9m9yA4owr2mxNGVx1yZ1TD32pjyqaQ,ipfs://QmXwZWGAcoBJPu69fqpc4csnsiE244qA1Po8VdukVkgA2s,
,,Death's Hand - Squares Participant 3,DOOM Party,ipfs://QmaKgrak6EJiWFwki75zYgdTVttyyFRpSSi9v9cMVBpYf6,ipfs://QmXwZWGAcoBJPu69fqpc4csnsiE244qA1Po8VdukVkgA2s,
,,Death's Hand - Squares Participant 4,DOOM Party,ipfs://QmbcnTF83PMKV3Tsd2mc4mVmQSUwMN7pWr9vfEBzAe6JMK,ipfs://QmXwZWGAcoBJPu69fqpc4csnsiE244qA1Po8VdukVkgA2s,
,,Death's Hand - Squares Participant 5,DOOM Party,ipfs://QmUx2Q38vSkMKtmcQSNqyLXhk51fes7TAUiLbxJ4sjRQLV,ipfs://QmXwZWGAcoBJPu69fqpc4csnsiE244qA1Po8VdukVkgA2s,
,,Death's Hand - Squares Participant 6,DOOM Party,ipfs://QmUVmShcZrETSUkRmAgrnpxccxagT4cgiYJi9wKkFruqKA,ipfs://QmXwZWGAcoBJPu69fqpc4csnsiE244qA1Po8VdukVkgA2s,
,,Death's Hand - Squares Participant 7,DOOM Party,ipfs://QmeVsuytXazpRkb5fr5e1z6vUx6arxTvsEEMzX5QwsEcHT,ipfs://QmXwZWGAcoBJPu69fqpc4csnsiE244qA1Po8VdukVkgA2s,
,,Death's Hand - Squares Participant 8,DOOM Party,ipfs://QmSbF6ZEQHcDcdBQ8pRQqfjcL9NiNZHDzMVbpBnvskje44,ipfs://QmXwZWGAcoBJPu69fqpc4csnsiE244qA1Po8VdukVkgA2s,
,,Death's Hand - Squares Participant 9,DOOM Party,ipfs://Qme3cZdYmYbEusCrSm61MqEJ1oRLxA2TAdF5jCg2gKsp8f,ipfs://QmXwZWGAcoBJPu69fqpc4csnsiE244qA1Po8VdukVkgA2s,
,,Death's Hand - Fingers Participant 1,DOOM Party,ipfs://QmQwpsp1XF3aSq7ymaAsiHhGrunrVjxxSfubUGUNBkcDN2,ipfs://QmXwZWGAcoBJPu69fqpc4csnsiE244qA1Po8VdukVkgA2s,
,,Death's Hand - Fingers Participant 2,DOOM Party,ipfs://QmNt28ZJqwDxutvJuBupPFshjUYLD6E7CYNuEDSaEyXU5B,ipfs://QmXwZWGAcoBJPu69fqpc4csnsiE244qA1Po8VdukVkgA2s,
,,Death's Hand - Fingers Participant 3,DOOM Party,ipfs://QmXkVYxPqqB3w6JSJiuYyxk1N92QQpgHHpm6G5XGZUS8to,ipfs://QmXwZWGAcoBJPu69fqpc4csnsiE244qA1Po8VdukVkgA2s,
,,Death's Hand - Fingers Participant 4,DOOM Party,ipfs://QmXwwFnBJ5yXzXVdghte49vcjPwPo6XNibV2sML8sxtXT3,ipfs://QmXwZWGAcoBJPu69fqpc4csnsiE244qA1Po8VdukVkgA2s,
,,Death's Hand - Fingers Participant 5,DOOM Party,ipfs://QmRYRdobtVCKKsyfCaUcTBXKE8KpX1dEvy85eHbGQgMj3P,ipfs://QmXwZWGAcoBJPu69fqpc4csnsiE244qA1Po8VdukVkgA2s,
,,Death's Hand - Fingers Participant 6,DOOM Party,ipfs://QmerU3wzzSvW5Q4CWVxztsuubwN3BFn6raddnX5aHdhLCF,ipfs://QmXwZWGAcoBJPu69fqpc4csnsiE244qA1Po8VdukVkgA2s,
,,Death's Hand - Fingers Participant 7,DOOM Party,ipfs://QmYHqzqicjVJV4MtuejurLJynD6TMgejnu8XquUnU5nfKP,ipfs://QmXwZWGAcoBJPu69fqpc4csnsiE244qA1Po8VdukVkgA2s,
,,Death's Hand - Fingers Participant 8,DOOM Party,ipfs://QmeetHSm4LhXabFW4j28HvH4i7t3UD2agNBfCADif7VYBz,ipfs://QmXwZWGAcoBJPu69fqpc4csnsiE244qA1Po8VdukVkgA2s,
,,Death's Hand - Fingers Participant 9,DOOM Party,ipfs://QmV3WpsU9hZqxE4AHLRk4yRdospVKGFeFWhWuMBkiBrM7y,ipfs://QmXwZWGAcoBJPu69fqpc4csnsiE244qA1Po8VdukVkgA2s,
,,Death's Device 99 Percent,DOOM Party,ipfs://QmYFr7xzXaUJwmjQt9yjDo5jBTmCPYghGEoqoggzgKET3M,,
,,Death's Device Low Battery,DOOM Party,ipfs://QmbczFHEQKdr6WckFdUmaMFrRQ7CprgDegZqoGZQT5C7ib,,
,,Death's Device - XCOPY 1,DOOM Party,ipfs://QmR4C38qJyu1ENL3W4Unx74vY6417DH98pNMDeaCBH5VYF,ipfs://QmRQM45fonCtTZ9947UABoueD5uE49yhyCButB9YPCWsBS,
,,Death's Device - XCOPY 2,DOOM Party,ipfs://QmYVfwXgjVcx2JKRBvq9ootQamzARo5jg7pQGvhj2RMPQ7,ipfs://QmRQM45fonCtTZ9947UABoueD5uE49yhyCButB9YPCWsBS,
,,Death's Device - XCOPY,DOOM Party,ipfs://QmNdCveDruRqk6MxXxZbadd2owJXjpWUoDJRUGtPvNv43q,ipfs://QmRQM45fonCtTZ9947UABoueD5uE49yhyCButB9YPCWsBS,
,,Death's Device - XCOPY IPFS,DOOM Party,ipfs://QmX1yoW4DrYvRJz3bqAUWaTYdtiRap6b5QbuNK6tcr8hjX,ipfs://QmRQM45fonCtTZ9947UABoueD5uE49yhyCButB9YPCWsBS,
,,Death's Device - XCOPY Metadata,DOOM Party,ipfs://QmT1sDf7R2swM4dnFVHUMUnFH4Hd19xRJ61swaSTmkPJzi,ipfs://QmRQM45fonCtTZ9947UABoueD5uE49yhyCButB9YPCWsBS,
