name,cid
Banksta - Master,QmbXzwTZXyczunMpLoeqJY34ZCB7giWEJvm3ejBR573xvf
Banksta - Metadata,QmYz15yhK6H9Z1u2kckSEHLq7Ynt6nKB9Aju7oqW9qRzhH
Banskta - Metadata 2,QmTVzAwcnWVbxPzD1mgvEJe4jLRuTGdgYddeRKVFWEPh7d
Head - Human,QmYs3L8iuE7qvBxF9142VsX4pEnBbR98Biu4sj4MibLV4i
Head - Demon,QmfXfJspTbDT8ouhEmsq2DPx6hhZ8C2rjKE16gjkpvounv
Head - Skull,QmbaFUpwkttyrmZXkN16EgMvvVwTsnsdZgrfWRjVyAFBAv
Head - Metadata,QmQ2xHuE2MRVExGCQvY4Us8DgZRuMnx3QtNwiGs17J9SPB
Body - Coat,QmW7koNN3LMzVmEFvezXC9PzKe6VbzXbmTzQtTiqLS8QgQ
Body - Casual,QmNV43kczjcMPs2G52AMhaZT8Euji6vwCPnEuECCqGfPG9
Body - Pink Tie,QmNskVd6zAXQtgxS4svEftLcaDyoBCwGXiTkFSfrkwBRDR
Body - Green Tie,QmTxJcsNX9PtqNdEpE9njsN8UZy7fSVaFtZv4UGhhk8bn7
Body - Metadata,Qmc75iNFCz6QvwUFPq197WCNfaiX7oBopWxHNrpeuh643z
Left Hand - Bonus,QmRcxpfmHe39WbtQjRvszofcCD2qz1xqGhHSvB7fFJG6gD
Left Hand - Bottle of Fizz,QmdpgpXvwbNobrmjZctCjjb7VQaQfZWYqDTigAhoQNfQ93
Left Hand - Metadata,QmNxRrvve9vV7x1SCUMDHYCznZ38Z3rzyFrK4ysHsiudoB
Right Hand - Bird Flip,QmdYnRtYDY8N28H82GBQuvjNqnDtktu3FgLPAr1YLX4NBJ
Right Hand - Cane,Qmci8Mess7fWADrg1qN43thHb6YxHnnxDrkcFqWLndSKrW
Right Hand - Metadata,QmVyqWyUxK7xg8trJ5o2xeagtCaRjvHGbsMPreJMEKcFuF
Trousers - Black,QmSTpDSx6ZPhE5GbUfPrm6LaoKoCftHZoaU4H19pfD1dnP
Trousers - Casual,QmU2xqGWuDWqVtAudHrkVhRYwnUXcxNfiFXYfcqGEXMcas
Trousers - Metadata,QmW1RuPkSYQFi6eRA9q3m35p2fyyhEjs3VpvAZ8U9anucq
Socks - Checker,QmZPcAUazkvefxJMzyCiYXUdE1FiTdZJLeCtvjAYj53kd5
Socks - Ethereum,QmQxZui9CXDCn5HP6Y8pPhH1aaEb2EcnFNaYGfk7ox3zmR
Socks - Bitcoin,QmNMWfm6J1C9KTYRAmnqSvhozX1eo8Pn2tq8Mad2MeYwmU
Socks - Metadata,Qmep1DdkS5s6qxnm6jpiSLRWaZrQGjRfdkSCfVSZFEofx4
Rain - Money,QmVxyxMwVJS1uKmuZciMkmnn44Hs65AQaFz1RzpdSCuamu
Rain - Mo Money,Qmb81Zq3qUN9RfqcgDacdcbZVZMZcfJJ6tJSdTyRFoZEVE
Rain - Drugs,QmSGgpd2H18hRYicWqJafWx2Nqgdm51TPqVvWZ41aVZbJH
Rain - Metadata,Qmauz5DAgG1e8KTj28DovBjM9ZcQPytFFK61Mzm5ftFwLf
Background - Gains,QmSkA9WxsLmQfLWGSVAXLb5hjCsDJvNqU8Ei2qErM4RuFb
Background - Girls,QmfUddh7FT47PYATAyUUKDDbKZ41BuWhZBVjv6mPCMgNQC